<?xml version="1.0" encoding="UTF-8"?>
<!DOCTYPE mapper
	PUBLIC "-//mybatis.org//DTD Mapper 3.0//EN"
	"http://mybatis.org/dtd/mybatis-3-mapper.dtd">
<mapper namespace="org.zerock.mapper.ReplyMapper">

<!-- 댓글 등록 -->
	<insert id="insert">
		insert into tbl_reply(rno, bno, reply, replyer)
		values ( seq_reply.nextval, #{bno}, #{reply}, #{replyer})
	</insert>

<!-- 게시물 삭제시 댓글 삭제 -->
	<delete id="deleteAll">
		delete from tbl_reply where bno = #{bno}
	</delete>
	
<!-- 댓글 삭제 -->
	<delete id="delete">
		delete from tbl_reply where rno = #{rno}
	</delete>
	
<!-- 댓글 업데이트 -->	
	<update id="update">
		update tbl_reply 
		set reply = #{reply}, updatedate = sysdate 
		where rno= #{rno}
	</update>
	<!-- set reply = #{reply}, replyer = #{replyer}, updatedate = sysdate -->
	
<!-- 전체 조회 -->
	<select id="read" resultType="org.zerock.domain.ReplyVO">
		select * from tbl_reply where rno = #{rno}
	</select>
	
<!-- Seit.431 페이징 처리 후 특정 게시물의 댓글 가져오기 -->
	<select id="getListWithPaging" resultType="org.zerock.domain.ReplyVO">
	<![CDATA[
		select rno, bno, reply, replyer, replyDate, updatedate
		from 
			(
			select /*+index(tbl_reply idx_reply)*/
    			rownum rn, bno, rno, reply, replyer, replyDate, updatedate
    		from tbl_reply
    		where bno = #{bno}
    		and rno >0
    		and rownum <= #{cri.pageNum} * #{cri.amount}
			)
		where rn > (#{cri.pageNum}-1) * #{cri.amount}		
	]]>
	</select>
	<!-- 댓글 페이징 처리 전
	 <select id="getListWithPaging" resultType="org.zerock.domain.ReplyVO">
		select rno, bno, reply, replyer, replyDate, updatedate
		from tbl_reply
		where bno = #{bno}
		order by rno asc
	</select> -->
	
<!-- 해당 게시물의 전체 댓글 수 -->
	<select id="getCountByBno" resultType="int">
		<![CDATA[
		select count(rno)
		from tbl_reply
		where bno = #{bno}
		]]>
	</select>

</mapper>