<?xml version="1.0" encoding="UTF-8"?>
<!DOCTYPE mapper
	PUBLIC "-//mybatis.org//DTD Mapper 3.0//EN"
	"http://mybatis.org/dtd/mybatis-3-mapper.dtd">
<mapper namespace="org.zerock.mapper.VideoReplyMapper">

<!-- 댓글 등록 -->
	<insert id="insert">
		insert into tbl_video_reply(vrno,vno, vreply, vreplyer)
		values (seq_vreply.nextval, #{vno}, #{vreply}, #{vreplyer})
	</insert>

<!-- 게시물 삭제시 댓글 삭제 -->
	<delete id="deleteAll">
		delete from tbl_video_reply where vrno = #{vrno}
	</delete>
	
<!-- 댓글 삭제 -->
	<delete id="delete">
		delete from tbl_video_reply where vrno = #{vrno}
	</delete>
	
<!-- 댓글 업데이트 -->	
	<update id="update">
		update tbl_video_reply
		set vreply = #{vreply}, updatedate = sysdate 
		where vrno= #{vrno}
	</update>
	<!-- set reply = #{reply}, replyer = #{replyer}, updatedate = sysdate -->
	
<!-- 전체 조회 -->
	<select id="read" resultType="org.zerock.domain.VideoReplyVO">
		select * from tbl_video_reply where vrno = #{vrno}
	</select>
	
<!-- Seit.431 페이징 처리 후 특정 게시물의 댓글 가져오기 -->
	<select id="getListWithPaging" resultType="org.zerock.domain.VideoReplyVO">
	<![CDATA[
		select vrno, vno, vreply, vreplyer, replyDate, updatedate
		from 
			(
			select /*+index(tbl_video_reply idx_video_reply)*/
    			rownum rn, vrno, vno, vreply, vreplyer, replyDate, updatedate
    		from tbl_video_reply
    		where vno = #{vno}
    		and vrno >0
    		and rownum <= #{cri.pageNum} * #{cri.amount}
			)
		where rn > (#{cri.pageNum}-1) * #{cri.amount}		
	]]>
	</select>
	<!-- 댓글 페이징 처리 전
	 <select id="getListWithPaging" resultType="org.zerock.domain.VideoReplyVO">
		select vrno, vno, vreply, vreplyer, replyDate, updatedate
		from tbl_reply
		where vno = #{vno}
		order by vrno asc
	</select> -->
	
<!-- 해당 게시물의 전체 댓글 수 -->
	<select id="getCountByVno" resultType="int">
		<![CDATA[
		select count(vrno)
		from tbl_video_reply
		where vno = #{vno}
		]]>
	</select>

</mapper>